Station Name,Extended Name,ID,State,State Abbv.,Network,Network ID,Station Triplet,Elevation,Lat,Long,HUCC
Adin Mtn,Adin Mtn (301) (elev. 6190),301,California,CA,SNOTEL,SNTL,301:CA:SNTL,6190,41.23583,-120.79192,"180200021403	"
Blue Lakes,Blue Lakes (356) (elev. 8067),356,California,CA,SNOTEL,SNTL,356:CA:SNTL,8067,38.608,-119.92437,"180400120101	"
Burnside Lake,Burnside Lake (1051) (elev. 8129),1051,California,CA,SNOTEL,SNTL,1051:CA:SNTL,8129,38.71943,-119.8942,"160502010107	"
Cedar Pass,Cedar Pass (391) (elev. 7030),391,California,CA,SNOTEL,SNTL,391:CA:SNTL,7030,41.58233,-120.3025,"180200020603	"
Crowder Flat,Crowder Flat (977) (elev. 5170),977,California,CA,SNOTEL,SNTL,977:CA:SNTL,5170,41.89318,-120.75202,"180102040103	"
Dismal Swamp,Dismal Swamp (446) (elev. 7360),446,California,CA,SNOTEL,SNTL,446:CA:SNTL,7360,41.99127,-120.18033,"171200070304	"
Aneroid Lake #2,Aneroid Lake #2 (302) (elev. 7400),302,Oregon,OR,SNOTEL,SNTL,302:OR:SNTL,7400,45.21328,-117.19258,"170601050101	"
Annie Springs,Annie Springs (1000) (elev. 6010),1000,Oregon,OR,SNOTEL,SNTL,1000:OR:SNTL,6010,42.87007,-122.16518,"180102030101	"
Arbuckle Mtn,Arbuckle Mtn (304) (elev. 5770),304,Oregon,OR,SNOTEL,SNTL,304:OR:SNTL,5770,45.19085,-119.25392,"170702020604	"
Bear Grass,Bear Grass (1166) (elev. 4720),1166,Oregon,OR,SNOTEL,SNTL,1166:OR:SNTL,4720,44.3253,-122.0938,"170900040203	"
Beaver Reservoir,Beaver Reservoir (331) (elev. 5150),331,Oregon,OR,SNOTEL,SNTL,331:OR:SNTL,5150,45.14532,-118.219,"170601040301	"
Big Red Mountain,Big Red Mountain (341) (elev. 6050),341,Oregon,OR,SNOTEL,SNTL,341:OR:SNTL,6050,42.05257,-122.85487,"171003090301	"
Bigelow Camp,Bigelow Camp (343) (elev. 5130),343,Oregon,OR,SNOTEL,SNTL,343:OR:SNTL,5130,42.07875,-123.34393,"171003090105	"
Billie Creek Divide,Billie Creek Divide (344) (elev. 5280),344,Oregon,OR,SNOTEL,SNTL,344:OR:SNTL,5280,42.40717,-122.26617,"180102030201	"
Blazed Alder,Blazed Alder (351) (elev. 3650),351,Oregon,OR,SNOTEL,SNTL,351:OR:SNTL,3650,45.4287,-121.85605,"170800010102	"
Blue Mountain Spring,Blue Mountain Spring (357) (elev. 5870),357,Oregon,OR,SNOTEL,SNTL,357:OR:SNTL,5870,44.24767,-118.51722,"170501160104	"
Bourne,Bourne (361) (elev. 5850),361,Oregon,OR,SNOTEL,SNTL,361:OR:SNTL,5850,44.83052,-118.18787,"170502030101	"
Bowman Springs,Bowman Springs (362) (elev. 4530),362,Oregon,OR,SNOTEL,SNTL,362:OR:SNTL,4530,45.36428,-118.46715,"170701030401	"
Cascade Summit,Cascade Summit (388) (elev. 5100),388,Oregon,OR,SNOTEL,SNTL,388:OR:SNTL,5100,43.59042,-122.0601,"170900010301	"
Chemult Alternate,Chemult Alternate (395) (elev. 4850),395,Oregon,OR,SNOTEL,SNTL,395:OR:SNTL,4850,43.22625,-121.80662,"180102010201	"
Clackamas Lake,Clackamas Lake (398) (elev. 3400),398,Oregon,OR,SNOTEL,SNTL,398:OR:SNTL,3400,45.09658,-121.75443,"170900110301	"
Clear Lake,Clear Lake (401) (elev. 3810),401,Oregon,OR,SNOTEL,SNTL,401:OR:SNTL,3810,45.18832,-121.6916,"170703060901	"
Cold Springs Camp,Cold Springs Camp (406) (elev. 5940),406,Oregon,OR,SNOTEL,SNTL,406:OR:SNTL,5940,42.53305,-122.17683,"180102030202	"
County Line,County Line (422) (elev. 4830),422,Oregon,OR,SNOTEL,SNTL,422:OR:SNTL,4830,45.19107,-118.55015,"170601040202	"
Crazyman Flat,Crazyman Flat (1010) (elev. 6180),1010,Oregon,OR,SNOTEL,SNTL,1010:OR:SNTL,6180,42.6381,-120.94917,"180102020101	"
Daly Lake,Daly Lake (434) (elev. 3690),434,Oregon,OR,SNOTEL,SNTL,434:OR:SNTL,3690,44.52147,-122.08718,"170900060101	"
Derr.,Derr. (440) (elev. 5850),440,Oregon,OR,SNOTEL,SNTL,440:OR:SNTL,5850,44.4465,-119.93012,"170703040401	"
Diamond Lake,Diamond Lake (442) (elev. 5280),442,Oregon,OR,SNOTEL,SNTL,442:OR:SNTL,5280,43.18787,-122.14003,"171003010204	"
Eilertson Meadows,Eilertson Meadows (464) (elev. 5510),464,Oregon,OR,SNOTEL,SNTL,464:OR:SNTL,5510,44.86887,-118.11387,"170502030404	"
Emigrant Springs,Emigrant Springs (470) (elev. 3800),470,Oregon,OR,SNOTEL,SNTL,470:OR:SNTL,3800,45.55808,-118.45383,"170701030501	"
Fish Creek,Fish Creek (477) (elev. 7660),477,Oregon,OR,SNOTEL,SNTL,477:OR:SNTL,7660,42.70992,-118.6321,"171200030107	"
Fish Lk.,Fish Lk. (479) (elev. 4660),479,Oregon,OR,SNOTEL,SNTL,479:OR:SNTL,4660,42.3801,-122.34943,"171003070801	"
Fourmile Lake,Fourmile Lake (483) (elev. 5970),483,Oregon,OR,SNOTEL,SNTL,483:OR:SNTL,5970,42.43933,-122.2288,"180102030202	"
Gerber Reservoir,Gerber Reservoir (945) (elev. 4890),945,Oregon,OR,SNOTEL,SNTL,945:OR:SNTL,4890,42.2062,-121.1334,"180102040508	"
Gold Center,Gold Center (494) (elev. 5410),494,Oregon,OR,SNOTEL,SNTL,494:OR:SNTL,5410,44.7638,-118.3117,"170702020202	"
Greenpoint,Greenpoint (504) (elev. 3310),504,Oregon,OR,SNOTEL,SNTL,504:OR:SNTL,3310,45.62237,-121.70415,"170701050603	"
High Ridge,High Ridge (523) (elev. 4920),523,Oregon,OR,SNOTEL,SNTL,523:OR:SNTL,4920,45.69682,-118.10657,"170701030103	"
Hogg Pass,Hogg Pass (526) (elev. 4790),526,Oregon,OR,SNOTEL,SNTL,526:OR:SNTL,4790,44.42042,-121.85655,"170900040201	"
Holland Meadows,Holland Meadows (529) (elev. 4930),529,Oregon,OR,SNOTEL,SNTL,529:OR:SNTL,4930,43.66917,-122.56877,"170900020201	"
Howard Prairie,Howard Prairie (1158) (elev. 4580),1158,Oregon,OR,SNOTEL,SNTL,1158:OR:SNTL,4580,42.215,-122.3713,"180102060401	"
Irish Taylor,Irish Taylor (545) (elev. 5540),545,Oregon,OR,SNOTEL,SNTL,545:OR:SNTL,5540,43.80368,-121.94793,"170703010106	"
Jump Off Joe,Jump Off Joe (552) (elev. 3520),552,Oregon,OR,SNOTEL,SNTL,552:OR:SNTL,3520,44.38605,-122.16683,"170900060201	"
King Mountain,King Mountain (558) (elev. 4340),558,Oregon,OR,SNOTEL,SNTL,558:OR:SNTL,4340,42.72395,-123.20037,"171003020701	"
Lake Creek R.S.,Lake Creek R.S. (563) (elev. 5240),563,Oregon,OR,SNOTEL,SNTL,563:OR:SNTL,5240,44.21007,-118.63752,"170501160102	"
Little Meadows,Little Meadows (584) (elev. 4020),584,Oregon,OR,SNOTEL,SNTL,584:OR:SNTL,4020,44.61297,-122.22565,"170900060301	"
Lucky Strike,Lucky Strike (605) (elev. 4970),605,Oregon,OR,SNOTEL,SNTL,605:OR:SNTL,4970,45.27478,-118.8479,"170701030606	"
Madison Butte,Madison Butte (608) (elev. 5150),608,Oregon,OR,SNOTEL,SNTL,608:OR:SNTL,5150,45.10513,-119.49585,"170702041101	"
Marion Forks,Marion Forks (614) (elev. 2590),614,Oregon,OR,SNOTEL,SNTL,614:OR:SNTL,2590,44.59397,-121.97365,"170900050205	"
Mckenzie,Mckenzie (619) (elev. 4770),619,Oregon,OR,SNOTEL,SNTL,619:OR:SNTL,4770,44.2103,-121.87292,"170900040207	"
Milk Shakes,Milk Shakes (1079) (elev. 5580),1079,Oregon,OR,SNOTEL,SNTL,1079:OR:SNTL,5580,45.9821,-117.94883,"170701020201	"
Miller Woods,Miller Woods (1084) (elev. 420),1084,Oregon,OR,SNOTEL,SNTL,1084:OR:SNTL,420,45.24755,-123.27563,"170900080606	"
Moss Springs,Moss Springs (647) (elev. 5760),647,Oregon,OR,SNOTEL,SNTL,647:OR:SNTL,5760,45.27173,-117.68747,"170601040702	"
Mt Hood Test Site,Mt Hood Test Site (651) (elev. 5370),651,Oregon,OR,SNOTEL,SNTL,651:OR:SNTL,5370,45.32097,-121.7158,"170800010302	"
Mt. Howard,Mt. Howard (653) (elev. 7910),653,Oregon,OR,SNOTEL,SNTL,653:OR:SNTL,7910,45.26522,-117.17373,"170601050102	"
Mud Ridge,Mud Ridge (655) (elev. 4070),655,Oregon,OR,SNOTEL,SNTL,655:OR:SNTL,4070,45.25362,-121.73673,"170800010302	"
New Crescent Lake,New Crescent Lake (660) (elev. 4910),660,Oregon,OR,SNOTEL,SNTL,660:OR:SNTL,4910,43.51185,-121.97982,"170703020205	"
North Fork,North Fork (666) (elev. 3060),666,Oregon,OR,SNOTEL,SNTL,666:OR:SNTL,3060,45.5505,-122.00283,"170800010503	"
Ochoco Meadows,Ochoco Meadows (671) (elev. 5430),671,Oregon,OR,SNOTEL,SNTL,671:OR:SNTL,5430,44.42917,-120.3311,"170703050201	"
Peavine Ridge,Peavine Ridge (687) (elev. 3420),687,Oregon,OR,SNOTEL,SNTL,687:OR:SNTL,3420,45.04148,-121.93252,"170900110306	"
Quartz Mountain,Quartz Mountain (706) (elev. 5720),706,Oregon,OR,SNOTEL,SNTL,706:OR:SNTL,5720,42.31923,-120.82533,"180102020404	"
Railroad Overpass,Railroad Overpass (710) (elev. 2680),710,Oregon,OR,SNOTEL,SNTL,710:OR:SNTL,2680,43.65887,-122.21272,"170900010302	"
Red Hill,Red Hill (712) (elev. 4410),712,Oregon,OR,SNOTEL,SNTL,712:OR:SNTL,4410,45.4643,-121.70428,"170701050505	"
Roaring River,Roaring River (719) (elev. 4950),719,Oregon,OR,SNOTEL,SNTL,719:OR:SNTL,4950,43.90098,-122.03063,"170900040302	"
Rock Springs,Rock Springs (721) (elev. 5290),721,Oregon,OR,SNOTEL,SNTL,721:OR:SNTL,5290,44.00883,-118.83842,"170501160204	"
Saddle Mountain,Saddle Mountain (726) (elev. 3110),726,Oregon,OR,SNOTEL,SNTL,726:OR:SNTL,3110,45.54477,-123.37315,"170900100201	"
Salt Creek Falls,Salt Creek Falls (729) (elev. 4220),729,Oregon,OR,SNOTEL,SNTL,729:OR:SNTL,4220,43.61193,-122.11758,"170900010301	"
Santiam Jct.,Santiam Jct. (733) (elev. 3740),733,Oregon,OR,SNOTEL,SNTL,733:OR:SNTL,3740,44.43503,-121.94502,"170900040201	"
Schneider Meadows,Schneider Meadows (736) (elev. 5400),736,Oregon,OR,SNOTEL,SNTL,736:OR:SNTL,5400,45.00107,-117.16522,"170502010603	"
Seine Creek,Seine Creek (743) (elev. 2060),743,Oregon,OR,SNOTEL,SNTL,743:OR:SNTL,2060,45.52688,-123.29857,"170900100203	"
Sevenmile Marsh,Sevenmile Marsh (745) (elev. 5700),745,Oregon,OR,SNOTEL,SNTL,745:OR:SNTL,5700,42.69825,-122.14165,"180102030104	"
Silver Creek,Silver Creek (756) (elev. 5740),756,Oregon,OR,SNOTEL,SNTL,756:OR:SNTL,5740,42.95615,-121.18123,"171200050206	"
Silvies,Silvies (759) (elev. 6990),759,Oregon,OR,SNOTEL,SNTL,759:OR:SNTL,6990,42.75333,-118.68785,"171200030201	"
Smith Ridge,Smith Ridge (1167) (elev. 3270),1167,Oregon,OR,SNOTEL,SNTL,1167:OR:SNTL,3270,44.30325,-122.04053,"170900040203	"
Snow Mountain,Snow Mountain (767) (elev. 6230),767,Oregon,OR,SNOTEL,SNTL,767:OR:SNTL,6230,43.94885,-119.54013,"171200020501	"
South Fork Bull Run,South Fork Bull Run (925) (elev. 2690),925,Oregon,OR,SNOTEL,SNTL,925:OR:SNTL,2690,45.44575,-122.03125,"170800010504	"
Starr Ridge,Starr Ridge (789) (elev. 5250),789,Oregon,OR,SNOTEL,SNTL,789:OR:SNTL,5250,44.26423,-119.02162,"171200020102	"
Strawberry,Strawberry (794) (elev. 5770),794,Oregon,OR,SNOTEL,SNTL,794:OR:SNTL,5770,42.12587,-120.8361,"180102040501	"
Summer Rim,Summer Rim (800) (elev. 7080),800,Oregon,OR,SNOTEL,SNTL,800:OR:SNTL,7080,42.6957,-120.80158,"180102020103	"
Summit Lake,Summit Lake (801) (elev. 5610),801,Oregon,OR,SNOTEL,SNTL,801:OR:SNTL,5610,43.44907,-122.13808,"170703020203	"
Sun Pass,Sun Pass (1078) (elev. 5400),1078,Oregon,OR,SNOTEL,SNTL,1078:OR:SNTL,5400,42.78637,-121.97715,"180102010602	"
Swan Lake Mtn,Swan Lake Mtn (1077) (elev. 6830),1077,Oregon,OR,SNOTEL,SNTL,1077:OR:SNTL,6830,42.41323,-121.68002,"180102040802	"
Taylor Butte,Taylor Butte (810) (elev. 5030),810,Oregon,OR,SNOTEL,SNTL,810:OR:SNTL,5030,42.69108,-121.42592,"180102020606	"
Taylor Green,Taylor Green (812) (elev. 5740),812,Oregon,OR,SNOTEL,SNTL,812:OR:SNTL,5740,45.07707,-117.55067,"170601040502	"
Three Creeks Meadow,Three Creeks Meadow (815) (elev. 5690),815,Oregon,OR,SNOTEL,SNTL,815:OR:SNTL,5690,44.14425,-121.64095,"170703010601	"
Tipton,Tipton (821) (elev. 5150),821,Oregon,OR,SNOTEL,SNTL,821:OR:SNTL,5150,44.65567,-118.42617,"170502020101	"
Toketee Airstrip,Toketee Airstrip (1044) (elev. 3240),1044,Oregon,OR,SNOTEL,SNTL,1044:OR:SNTL,3240,43.22718,-122.42537,"171003010404	"
Wolf Creek,Wolf Creek (873) (elev. 5630),873,Oregon,OR,SNOTEL,SNTL,873:OR:SNTL,5630,45.06703,-118.15192,"170502030601	"
Anthony Lake,Anthony Lake (1245) (elev. 7160),1245,Oregon,OR,SNOLITE,SNTLT,1245:OR:SNTL,7160,44.9591,-118.22668,"170502030503	"
Bald Mtn AM OR,Bald Mtn AM OR (447) (elev. 6700),447,Oregon,OR,SNOLITE,SNTLT,447:OR:SNTL,6700,45.21158,-117.6626,"170601040504	"
Barney Creek,Barney Creek (1246) (elev. 5830),1246,Oregon,OR,SNOLITE,SNTLT,1246:OR:SNTL,5830,44.36069,-118.31114,"170502020202	"
Bear Flat Meadow AM,Bear Flat Meadow AM (1291) (elev. 6580),1291,Oregon,OR,SNOLITE,SNTLT,1291:OR:SNTL,6580,42.41655,-120.47043,"171200060105	"
Big Sheep AM,Big Sheep AM (1229) (elev. 6240),1229,Oregon,OR,SNOLITE,SNTLT,1229:OR:SNTL,6240,45.16842,-117.08631,"170601020301	"
Buckskin Lake AM,Buckskin Lake AM (1292) (elev. 5190),1292,Oregon,OR,SNOLITE,SNTLT,1292:OR:SNTL,5190,43.02503,-118.94785,"171200030206	"
Call Meadows AM,Call Meadows AM (1289) (elev. 5380),1289,Oregon,OR,SNOLITE,SNTLT,1289:OR:SNTL,5380,43.81191,-118.78565,"171200010201	"
Cox Flat AM,Cox Flat AM (1273) (elev. 5710),1273,Oregon,OR,SNOLITE,SNTLT,1273:OR:SNTL,5710,42.36192,-120.60912,"180200010205	"
Finley Corrals AM,Finley Corrals AM (1274) (elev. 5950),1274,Oregon,OR,SNOLITE,SNTLT,1274:OR:SNTL,5950,42.45988,-120.78508,"180102020402	"
Government Corrals,Government Corrals (1250) (elev. 7400),1250,Oregon,OR,SNOLITE,SNTLT,1250:OR:SNTL,7400,42.04308,-118.3195,"171200090201	"
Hart Mountain AM,Hart Mountain AM (1218) (elev. 6480),1218,Oregon,OR,SNOLITE,SNTLT,1218:OR:SNTL,6480,42.47972,-119.71917,"171200080501	"
Lookout Butte,Lookout Butte (1298) (elev. 5730),1298,Oregon,OR,SNOLITE,SNTLT,1298:OR:SNTL,5730,42.13397,-117.17992,"17050106	"
Louse Canyon,Louse Canyon (1296) (elev. 6520),1296,Oregon,OR,SNOLITE,SNTLT,1296:OR:SNTL,6520,42.07059,-117.5483,"160402010304	"
Patton Meadows AM,Patton Meadows AM (1241) (elev. 6780),1241,Oregon,OR,SNOLITE,SNTLT,1241:OR:SNTL,6780,42.24522,-120.60527,"180200010208	"
Rogger Meadow AM,Rogger Meadow AM (1220) (elev. 6360),1220,Oregon,OR,SNOLITE,SNTLT,1220:OR:SNTL,6360,42.16528,-120.24747,"171200070305	"
Sherman Valley AM,Sherman Valley AM (1219) (elev. 6630),1219,Oregon,OR,SNOLITE,SNTLT,1219:OR:SNTL,6630,42.3572,-120.22522,"171200070401	"
TV Ridge AM,TV Ridge AM (1230) (elev. 7050),1230,Oregon,OR,SNOLITE,SNTLT,1230:OR:SNTL,7050,45.39608,-117.38919,"170601050203	"
Trout Creek AM,Trout Creek AM (1238) (elev. 7890),1238,Oregon,OR,SNOLITE,SNTLT,1238:OR:SNTL,7890,42.03597,-118.24008,"171200090201	"
V Lake AM,V Lake AM (1237) (elev. 6640),1237,Oregon,OR,SNOLITE,SNTLT,1237:OR:SNTL,6640,42.46573,-118.76583,"171200080901	"
West Eagle Meadows AM,West Eagle Meadows AM (1288) (elev. 5490),1288,Oregon,OR,SNOLITE,SNTLT,1288:OR:SNTL,5490,45.08467,-117.48167,"170502031002	"
Alpine Meadows,Alpine Meadows (908) (elev. 3500),908,Washington,WA,SNOTEL,SNTL,908:WA:SNTL,3500,47.77957,-121.69847,"171100100501	"
Beaver Pass,Beaver Pass (990) (elev. 3630),990,Washington,WA,SNOTEL,SNTL,990:WA:SNTL,3630,48.8793,-121.2555,"171100050605	"
Blewett Pass,Blewett Pass (352) (elev. 4240),352,Washington,WA,SNOTEL,SNTL,352:WA:SNTL,4240,47.35037,-120.6796,"170200110501	"
Brown Top,Brown Top (1080) (elev. 5830),1080,Washington,WA,SNOTEL,SNTL,1080:WA:SNTL,5830,48.92755,-121.19713,"171100050601	"
Buckinghorse,Buckinghorse (1107) (elev. 4870),1107,Washington,WA,SNOTEL,SNTL,1107:WA:SNTL,4870,47.7086,-123.45747,"171100200501	"
Bumping Ridge,Bumping Ridge (375) (elev. 4610),375,Washington,WA,SNOTEL,SNTL,375:WA:SNTL,4610,46.81003,-121.33058,"170300020105	"
Bunchgrass Mdw,Bunchgrass Mdw (376) (elev. 5000),376,Washington,WA,SNOTEL,SNTL,376:WA:SNTL,5000,48.68688,-117.17633,"170102160401	"
Burnt Mountain,Burnt Mountain (942) (elev. 4170),942,Washington,WA,SNOTEL,SNTL,942:WA:SNTL,4170,47.0444,-121.94032,"171100140103	"
Calamity,Calamity (1109) (elev. 2500),1109,Washington,WA,SNOTEL,SNTL,1109:WA:SNTL,2500,45.90362,-122.21633,"170800020603	"
Cayuse Pass,Cayuse Pass (1085) (elev. 5240),1085,Washington,WA,SNOTEL,SNTL,1085:WA:SNTL,5240,46.86954,-121.5343,"171100140301	"
Corral Pass,Corral Pass (418) (elev. 5800),418,Washington,WA,SNOTEL,SNTL,418:WA:SNTL,5800,47.01872,-121.46464,"171100140307	"
Cougar Mountain,Cougar Mountain (420) (elev. 3200),420,Washington,WA,SNOTEL,SNTL,420:WA:SNTL,3200,47.27666,-121.67138,"171100130202	"
Dungeness,Dungeness (943) (elev. 4010),943,Washington,WA,SNOTEL,SNTL,943:WA:SNTL,4010,47.87224,-123.0788,"171100200301	"
Easy Pass,Easy Pass (998) (elev. 5270),998,Washington,WA,SNOTEL,SNTL,998:WA:SNTL,5270,48.85933,-121.43895,"171100010101	"
Elbow Lake,Elbow Lake (910) (elev. 3040),910,Washington,WA,SNOTEL,SNTL,910:WA:SNTL,3040,48.69092,-121.90893,"171100040401	"
Fish Lake,Fish Lake (478) (elev. 3430),478,Washington,WA,SNOTEL,SNTL,478:WA:SNTL,3430,47.53565,-121.08553,"170300010102	"
Gold Axe Camp,Gold Axe Camp (1159) (elev. 5360),1159,Washington,WA,SNOTEL,SNTL,1159:WA:SNTL,5360,48.9516,-118.9864,"170200021204	"
Gold Mountain,Gold Mountain (1256) (elev. 4390),1256,Washington,WA,SNOTEL,SNTL,1256:WA:SNTL,4390,48.18934,-118.4559,"170200011703	"
Green Lake,Green Lake (502) (elev. 5920),502,Washington,WA,SNOTEL,SNTL,502:WA:SNTL,5920,46.54741,-121.17093,"170300030101	"
Grouse Camp,Grouse Camp (507) (elev. 5390),507,Washington,WA,SNOTEL,SNTL,507:WA:SNTL,5390,47.28107,-120.48771,"170300010401	"
Harts Pass,Harts Pass (515) (elev. 6490),515,Washington,WA,SNOTEL,SNTL,515:WA:SNTL,6490,48.72047,-120.6586,"171100050501	"
Hozomeen Camp,Hozomeen Camp (991) (elev. 1690),991,Washington,WA,SNOTEL,SNTL,991:WA:SNTL,1690,48.98075,-121.07976,"171100050602	"
Huckleberry Creek,Huckleberry Creek (928) (elev. 2250),928,Washington,WA,SNOTEL,SNTL,928:WA:SNTL,2250,47.06565,-121.58778,"171100140307	"
Indian Rock,Indian Rock (1129) (elev. 5360),1129,Washington,WA,SNOTEL,SNTL,1129:WA:SNTL,5360,45.99077,-120.80767,"170701060301	"
June Lake,June Lake (553) (elev. 3440),553,Washington,WA,SNOTEL,SNTL,553:WA:SNTL,3440,46.14778,-122.15413,"170800020304	"
Lone Pine,Lone Pine (591) (elev. 3930),591,Washington,WA,SNOTEL,SNTL,591:WA:SNTL,3930,46.27143,-121.96288,"170800020203	"
Lost Horse,Lost Horse (599) (elev. 5120),599,Washington,WA,SNOTEL,SNTL,599:WA:SNTL,5120,46.3575,-121.08095,"170300030302	"
Lyman Lake,Lyman Lake (606) (elev. 5980),606,Washington,WA,SNOTEL,SNTL,606:WA:SNTL,5980,48.19798,-120.91678,"170200090203	"
Lynn Lake,Lynn Lake (1069) (elev. 3900),1069,Washington,WA,SNOTEL,SNTL,1069:WA:SNTL,3900,47.20172,-121.77972,"171100130203	"
MF Nooksack,MF Nooksack (1011) (elev. 4970),1011,Washington,WA,SNOTEL,SNTL,1011:WA:SNTL,4970,48.82453,-121.92951,"171100040303	"
Marten Ridge,Marten Ridge (999) (elev. 3520),999,Washington,WA,SNOTEL,SNTL,999:WA:SNTL,3520,48.76292,-121.69823,"171100051004	"
Meadows Pass,Meadows Pass (897) (elev. 3230),897,Washington,WA,SNOTEL,SNTL,897:WA:SNTL,3230,47.28312,-121.47197,"171100120101	"
Morse Lake,Morse Lake (642) (elev. 5410),642,Washington,WA,SNOTEL,SNTL,642:WA:SNTL,5410,46.90585,-121.4827,"170300020106	"
Moses Mtn,Moses Mtn (644) (elev. 5010),644,Washington,WA,SNOTEL,SNTL,644:WA:SNTL,5010,48.36163,-119.08159,"170200061903	"
Mount Crag,Mount Crag (648) (elev. 3960),648,Washington,WA,SNOTEL,SNTL,648:WA:SNTL,3960,47.7637,-123.026,"171100180601	"
Mount Gardner,Mount Gardner (898) (elev. 2920),898,Washington,WA,SNOTEL,SNTL,898:WA:SNTL,2920,47.35768,-121.56812,"171100120103	"
Mowich,Mowich (941) (elev. 3160),941,Washington,WA,SNOTEL,SNTL,941:WA:SNTL,3160,46.92833,-121.95232,"171100140105	"
Mt. Tebo,Mt. Tebo (1126) (elev. 3384),1126,Washington,WA,SNOTEL,SNTL,1126:WA:SNTL,3384,47.46061,-123.41219,"171100170101	"
Muckamuck,Muckamuck (1259) (elev. 4470),1259,Washington,WA,SNOTEL,SNTL,1259:WA:SNTL,4470,48.58526,-119.86624,"170200062001	"
Olallie Meadows,Olallie Meadows (672) (elev. 4030),672,Washington,WA,SNOTEL,SNTL,672:WA:SNTL,4030,47.37406,-121.44213,"171100100301	"
Paradise,Paradise (679) (elev. 5130),679,Washington,WA,SNOTEL,SNTL,679:WA:SNTL,5130,46.78265,-121.74765,"171100150104	"
Park Creek Ridge,Park Creek Ridge (681) (elev. 4600),681,Washington,WA,SNOTEL,SNTL,681:WA:SNTL,4600,48.44488,-120.91551,"170200090106	"
Pepper Creek,Pepper Creek (1104) (elev. 2140),1104,Washington,WA,SNOTEL,SNTL,1104:WA:SNTL,2140,46.10242,-121.95555,"170800020111	"
Pigtail Peak,Pigtail Peak (692) (elev. 5800),692,Washington,WA,SNOTEL,SNTL,692:WA:SNTL,5800,46.62153,-121.38643,"170300020301	"
Pinto Rock,Pinto Rock (1263) (elev. 4440),1263,Washington,WA,SNOTEL,SNTL,1263:WA:SNTL,4440,46.32318,-121.94219,"170800040405	"
Pope Ridge,Pope Ridge (699) (elev. 3590),699,Washington,WA,SNOTEL,SNTL,699:WA:SNTL,3590,47.9909,-120.56622,"170200100204	"
Potato Hill,Potato Hill (702) (elev. 4510),702,Washington,WA,SNOTEL,SNTL,702:WA:SNTL,4510,46.34963,-121.51435,"170800040303	"
Quartz Peak,Quartz Peak (707) (elev. 4700),707,Washington,WA,SNOTEL,SNTL,707:WA:SNTL,4700,47.87927,-117.08938,"170103080302	"
Rainy Pass,Rainy Pass (711) (elev. 4890),711,Washington,WA,SNOTEL,SNTL,711:WA:SNTL,4890,48.51865,-120.7358,"171100050503	"
Rex River,Rex River (911) (elev. 3810),911,Washington,WA,SNOTEL,SNTL,911:WA:SNTL,3810,47.30218,-121.60475,"171100120102	"
Salmon Meadows,Salmon Meadows (728) (elev. 4460),728,Washington,WA,SNOTEL,SNTL,728:WA:SNTL,4460,48.65518,-119.8383,"170200062003	"
Sasse Ridge,Sasse Ridge (734) (elev. 4340),734,Washington,WA,SNOTEL,SNTL,734:WA:SNTL,4340,47.38485,-121.06323,"170300010104	"
Satus Pass,Satus Pass (1231) (elev. 3960),1231,Washington,WA,SNOTEL,SNTL,1231:WA:SNTL,3960,45.98797,-120.67734,"170701060301	"
Sawmill Ridge,Sawmill Ridge (1068) (elev. 4640),1068,Washington,WA,SNOTEL,SNTL,1068:WA:SNTL,4640,47.15992,-121.42172,"171100130104	"
Sentinel Butte,Sentinel Butte (1043) (elev. 4680),1043,Washington,WA,SNOTEL,SNTL,1043:WA:SNTL,4680,48.86133,-118.39843,"170200021705	"
Sheep Canyon,Sheep Canyon (748) (elev. 3990),748,Washington,WA,SNOTEL,SNTL,748:WA:SNTL,3990,46.19325,-122.25393,"170800050601	"
Skate Creek,Skate Creek (1257) (elev. 3770),1257,Washington,WA,SNOTEL,SNTL,1257:WA:SNTL,3770,46.64336,-121.83044,"170800040505	"
Skookum Creek,Skookum Creek (912) (elev. 3310),912,Washington,WA,SNOTEL,SNTL,912:WA:SNTL,3310,47.68433,-121.61007,"171100100503	"
Sourdough Gulch,Sourdough Gulch (985) (elev. 4000),985,Washington,WA,SNOTEL,SNTL,985:WA:SNTL,4000,46.23718,-117.39438,"170601030202	"
Spencer Meadow,Spencer Meadow (776) (elev. 3400),776,Washington,WA,SNOTEL,SNTL,776:WA:SNTL,3400,46.1795,-121.92661,"170800020108	"
Spirit Lake,Spirit Lake (777) (elev. 3520),777,Washington,WA,SNOTEL,SNTL,777:WA:SNTL,3520,46.26113,-122.1772,"170800050502	"
Spruce Springs,Spruce Springs (984) (elev. 5700),984,Washington,WA,SNOTEL,SNTL,984:WA:SNTL,5700,46.18287,-117.54155,"170601030201	"
Stampede Pass,Stampede Pass (788) (elev. 3850),788,Washington,WA,SNOTEL,SNTL,788:WA:SNTL,3850,47.27427,-121.34162,"171100130103	"
Stevens Pass,Stevens Pass (791) (elev. 3950),791,Washington,WA,SNOTEL,SNTL,791:WA:SNTL,3950,47.74607,-121.09288,"171100090102	"
Surprise Lakes,Surprise Lakes (804) (elev. 4290),804,Washington,WA,SNOTEL,SNTL,804:WA:SNTL,4290,46.09497,-121.76345,"170800020107	"
Swamp Creek,Swamp Creek (975) (elev. 3930),975,Washington,WA,SNOTEL,SNTL,975:WA:SNTL,3930,48.57142,-120.78267,"171100050503	"
Swift Creek,Swift Creek (1012) (elev. 4440),1012,Washington,WA,SNOTEL,SNTL,1012:WA:SNTL,4440,46.1638,-122.18402,"170800020304	"
Thunder Basin,Thunder Basin (817) (elev. 4320),817,Washington,WA,SNOTEL,SNTL,817:WA:SNTL,4320,48.52753,-120.9895,"171100050702	"
Tinkham Creek,Tinkham Creek (899) (elev. 2990),899,Washington,WA,SNOTEL,SNTL,899:WA:SNTL,2990,47.33198,-121.46975,"171100120101	"
Touchet,Touchet (824) (elev. 5530),824,Washington,WA,SNOTEL,SNTL,824:WA:SNTL,5530,46.11868,-117.8505,"170701020303	"
Trinity,Trinity (1171) (elev. 2930),1171,Washington,WA,SNOTEL,SNTL,1171:WA:SNTL,2930,48.0747,-120.8493,"170200110302	"
Trough,Trough (832) (elev. 5480),832,Washington,WA,SNOTEL,SNTL,832:WA:SNTL,5480,47.23328,-120.29412,"170200100402	"
Upper Wheeler,Upper Wheeler (841) (elev. 4330),841,Washington,WA,SNOTEL,SNTL,841:WA:SNTL,4330,47.28734,-120.37015,"170200100310	"
Waterhole,Waterhole (974) (elev. 5010),974,Washington,WA,SNOTEL,SNTL,974:WA:SNTL,5010,47.94485,-123.42594,"171100200506	"
Wells Creek,Wells Creek (909) (elev. 4030),909,Washington,WA,SNOTEL,SNTL,909:WA:SNTL,4030,48.8661,-121.78976,"171100040103	"
White Pass E.S.,White Pass E.S. (863) (elev. 4440),863,Washington,WA,SNOTEL,SNTL,863:WA:SNTL,4440,46.64142,-121.38153,"170300020301	"
